College Name,College Link,Stream,City,Ownership,Course,Duration,Facilities
"College of Architecture and Centre For Design, Nashik",https://www.careers360.com/colleges/college-of-architecture-and-centre-for-design-nashik,Design,Nagpur,Private,B.Arch,5 Years,Girls Hostel
"College of Architecture and Centre For Design, Nashik",https://www.careers360.com/colleges/college-of-architecture-and-centre-for-design-nashik,Design,Nagpur,Private,M.Arch Environmental Architecture,2 Years,Girls Hostel
"College of Architecture and Centre For Design, Nashik",https://www.careers360.com/colleges/college-of-architecture-and-centre-for-design-nashik,Design,Nagpur,Private,B.Des,4 Years,Girls Hostel
"Dhanvantari Institute of Design and Technology, Nashik",https://www.careers360.com/colleges/dhanvantari-institute-of-design-and-technology-nashik,Design,Nagpur,Private,M.Sc Fashion Design,2 Years,N/A
"Dhanvantari Institute of Design and Technology, Nashik",https://www.careers360.com/colleges/dhanvantari-institute-of-design-and-technology-nashik,Design,Nagpur,Private,Diploma in Interior Designing,2 Years,N/A
"Dhanvantari Institute of Design and Technology, Nashik",https://www.careers360.com/colleges/dhanvantari-institute-of-design-and-technology-nashik,Design,Nagpur,Private,B.Sc Computer Science,3 Years,N/A
"Dhanvantari Institute of Design and Technology, Nashik",https://www.careers360.com/colleges/dhanvantari-institute-of-design-and-technology-nashik,Design,Nagpur,Private,B.Des Interior Design,4 Years,N/A
"Dhanvantari Institute of Design and Technology, Nashik",https://www.careers360.com/colleges/dhanvantari-institute-of-design-and-technology-nashik,Design,Nagpur,Private,B.Des Fashion Design and Technology,4 Years,N/A
"Dhanvantari Institute of Design and Technology, Nashik",https://www.careers360.com/colleges/dhanvantari-institute-of-design-and-technology-nashik,Design,Nagpur,Private,M.Sc Interior Design,2 Years,N/A
"Dhanvantari Institute of Design and Technology, Nashik",https://www.careers360.com/colleges/dhanvantari-institute-of-design-and-technology-nashik,Design,Nagpur,Private,B.Sc Fashion Design,3 Years,N/A
"Dhanvantari Institute of Design and Technology, Nashik",https://www.careers360.com/colleges/dhanvantari-institute-of-design-and-technology-nashik,Design,Nagpur,Private,Diploma in Fashion Designing,2 Years,N/A
"Dhanvantari Institute of Design and Technology, Nashik",https://www.careers360.com/colleges/dhanvantari-institute-of-design-and-technology-nashik,Design,Nagpur,Private,B.Sc Interior Design,3 Years,N/A
"Government Polytechnic, Nashik",https://www.careers360.com/colleges/government-polytechnic-nashik,Design,Nagpur,Government,Diploma in Civil Engineering,3 Years,"Boys Hostel, Girls Hostel"
"Government Polytechnic, Nashik",https://www.careers360.com/colleges/government-polytechnic-nashik,Design,Nagpur,Government,Diploma in Mechanical Engineering,3 Years,"Boys Hostel, Girls Hostel"
"Government Polytechnic, Nashik",https://www.careers360.com/colleges/government-polytechnic-nashik,Design,Nagpur,Government,Diploma in Electronics and Telecommunication Engineering,3 Years,"Boys Hostel, Girls Hostel"
"Government Polytechnic, Nashik",https://www.careers360.com/colleges/government-polytechnic-nashik,Design,Nagpur,Government,Diploma in Electrical Engineering,3 Years,"Boys Hostel, Girls Hostel"
"Government Polytechnic, Nashik",https://www.careers360.com/colleges/government-polytechnic-nashik,Design,Nagpur,Government,Diploma in Interior Designing,2 Years,"Boys Hostel, Girls Hostel"
"Government Polytechnic, Nashik",https://www.careers360.com/colleges/government-polytechnic-nashik,Design,Nagpur,Government,Diploma in Polymer Technology,3 Years,"Boys Hostel, Girls Hostel"
"Government Polytechnic, Nashik",https://www.careers360.com/colleges/government-polytechnic-nashik,Design,Nagpur,Government,Diploma in Dress Designing and Garment Manufacturing,3 Years,"Boys Hostel, Girls Hostel"
"Government Polytechnic, Nashik",https://www.careers360.com/colleges/government-polytechnic-nashik,Design,Nagpur,Government,Diploma in Information Technology,3 Years,"Boys Hostel, Girls Hostel"
"Government Polytechnic, Nashik",https://www.careers360.com/colleges/government-polytechnic-nashik,Design,Nagpur,Government,Diploma in Computer Technology,3 Years,"Boys Hostel, Girls Hostel"
"Government Polytechnic, Nashik",https://www.careers360.com/colleges/government-polytechnic-nashik,Design,Nagpur,Government,Diploma in Automobile Engineering,3 Years,"Boys Hostel, Girls Hostel"
"Government Polytechnic, Nashik",https://www.careers360.com/colleges/government-polytechnic-nashik,Design,Nagpur,Government,Diploma in Mechatronics,3 Years,"Boys Hostel, Girls Hostel"
"Institute of Design Environment and Architecture, Nashik",https://www.careers360.com/colleges/institute-of-design-environment-and-architecture-nashik,Design,Nagpur,Private,B.Arch,5 Years,N/A
"Institute of Design Environment and Architecture, Nashik",https://www.careers360.com/colleges/institute-of-design-environment-and-architecture-nashik,Design,Nagpur,Private,B.Des,4 Years,N/A
"Institute of Design Environment and Architecture, Nashik",https://www.careers360.com/colleges/institute-of-design-environment-and-architecture-nashik,Design,Nagpur,Private,Diploma in Interior Design,3 Years,N/A
"International Institute of Fashion Design, Nashik",https://www.careers360.com/colleges/international-institute-of-fashion-design-nashik,Design,Nagpur,Private,B.Sc Interior Design,3 Years,N/A
"International Institute of Fashion Design, Nashik",https://www.careers360.com/colleges/international-institute-of-fashion-design-nashik,Design,Nagpur,Private,B.Sc Fashion Design,3 Years,N/A
"Krantiveer Vasantrao Narayanrao Naik Shikshan Prasarak Sanstha's Arts Commerce and Science College, Nashik",https://www.careers360.com/colleges/krantiveer-vasantrao-narayanrao-naik-shikshan-prasarak-sansthas-arts-commerce-and-science-college-nashik,Design,Nagpur,Private,B.Com,3 Years,"Boys Hostel, Girls Hostel"
"Krantiveer Vasantrao Narayanrao Naik Shikshan Prasarak Sanstha's Arts Commerce and Science College, Nashik",https://www.careers360.com/colleges/krantiveer-vasantrao-narayanrao-naik-shikshan-prasarak-sansthas-arts-commerce-and-science-college-nashik,Design,Nagpur,Private,B.Sc,3 Years,"Boys Hostel, Girls Hostel"
"Krantiveer Vasantrao Narayanrao Naik Shikshan Prasarak Sanstha's Arts Commerce and Science College, Nashik",https://www.careers360.com/colleges/krantiveer-vasantrao-narayanrao-naik-shikshan-prasarak-sansthas-arts-commerce-and-science-college-nashik,Design,Nagpur,Private,BA,3 Years,"Boys Hostel, Girls Hostel"
"Krantiveer Vasantrao Narayanrao Naik Shikshan Prasarak Sanstha's Arts Commerce and Science College, Nashik",https://www.careers360.com/colleges/krantiveer-vasantrao-narayanrao-naik-shikshan-prasarak-sansthas-arts-commerce-and-science-college-nashik,Design,Nagpur,Private,BBA Computer Applications,3 Years,"Boys Hostel, Girls Hostel"
"Krantiveer Vasantrao Narayanrao Naik Shikshan Prasarak Sanstha's Arts Commerce and Science College, Nashik",https://www.careers360.com/colleges/krantiveer-vasantrao-narayanrao-naik-shikshan-prasarak-sansthas-arts-commerce-and-science-college-nashik,Design,Nagpur,Private,BBA,3 Years,"Boys Hostel, Girls Hostel"
"Krantiveer Vasantrao Narayanrao Naik Shikshan Prasarak Sanstha's Arts Commerce and Science College, Nashik",https://www.careers360.com/colleges/krantiveer-vasantrao-narayanrao-naik-shikshan-prasarak-sansthas-arts-commerce-and-science-college-nashik,Design,Nagpur,Private,B.Sc Computer Science,3 Years,"Boys Hostel, Girls Hostel"
"Krantiveer Vasantrao Narayanrao Naik Shikshan Prasarak Sanstha's Arts Commerce and Science College, Nashik",https://www.careers360.com/colleges/krantiveer-vasantrao-narayanrao-naik-shikshan-prasarak-sansthas-arts-commerce-and-science-college-nashik,Design,Nagpur,Private,MA Marathi,2 Years,"Boys Hostel, Girls Hostel"
"Krantiveer Vasantrao Narayanrao Naik Shikshan Prasarak Sanstha's Arts Commerce and Science College, Nashik",https://www.careers360.com/colleges/krantiveer-vasantrao-narayanrao-naik-shikshan-prasarak-sansthas-arts-commerce-and-science-college-nashik,Design,Nagpur,Private,MA English,2 Years,"Boys Hostel, Girls Hostel"
"Krantiveer Vasantrao Narayanrao Naik Shikshan Prasarak Sanstha's Arts Commerce and Science College, Nashik",https://www.careers360.com/colleges/krantiveer-vasantrao-narayanrao-naik-shikshan-prasarak-sansthas-arts-commerce-and-science-college-nashik,Design,Nagpur,Private,MA Economics,2 Years,"Boys Hostel, Girls Hostel"
"Krantiveer Vasantrao Narayanrao Naik Shikshan Prasarak Sanstha's Arts Commerce and Science College, Nashik",https://www.careers360.com/colleges/krantiveer-vasantrao-narayanrao-naik-shikshan-prasarak-sansthas-arts-commerce-and-science-college-nashik,Design,Nagpur,Private,MA Political Science,2 Years,"Boys Hostel, Girls Hostel"
"Krantiveer Vasantrao Narayanrao Naik Shikshan Prasarak Sanstha's Arts Commerce and Science College, Nashik",https://www.careers360.com/colleges/krantiveer-vasantrao-narayanrao-naik-shikshan-prasarak-sansthas-arts-commerce-and-science-college-nashik,Design,Nagpur,Private,M.Com Accounting and Taxation,2 Years,"Boys Hostel, Girls Hostel"
"Krantiveer Vasantrao Narayanrao Naik Shikshan Prasarak Sanstha's Arts Commerce and Science College, Nashik",https://www.careers360.com/colleges/krantiveer-vasantrao-narayanrao-naik-shikshan-prasarak-sansthas-arts-commerce-and-science-college-nashik,Design,Nagpur,Private,B.Voc Fashion Designing Self Finance,3 Years,"Boys Hostel, Girls Hostel"
"Krantiveer Vasantrao Narayanrao Naik Shikshan Prasarak Sanstha's Arts Commerce and Science College, Nashik",https://www.careers360.com/colleges/krantiveer-vasantrao-narayanrao-naik-shikshan-prasarak-sansthas-arts-commerce-and-science-college-nashik,Design,Nagpur,Private,B.Voc Digital Media and Development Self Finance,3 Years,"Boys Hostel, Girls Hostel"
"Krantiveer Vasantrao Narayanrao Naik Shikshan Prasarak Sanstha's Arts Commerce and Science College, Nashik",https://www.careers360.com/colleges/krantiveer-vasantrao-narayanrao-naik-shikshan-prasarak-sansthas-arts-commerce-and-science-college-nashik,Design,Nagpur,Private,M.Sc Physics,2 Years,"Boys Hostel, Girls Hostel"
"Krantiveer Vasantrao Narayanrao Naik Shikshan Prasarak Sanstha's Arts Commerce and Science College, Nashik",https://www.careers360.com/colleges/krantiveer-vasantrao-narayanrao-naik-shikshan-prasarak-sansthas-arts-commerce-and-science-college-nashik,Design,Nagpur,Private,M.Sc Zoology,2 Years,"Boys Hostel, Girls Hostel"
"Krantiveer Vasantrao Narayanrao Naik Shikshan Prasarak Sanstha's Arts Commerce and Science College, Nashik",https://www.careers360.com/colleges/krantiveer-vasantrao-narayanrao-naik-shikshan-prasarak-sansthas-arts-commerce-and-science-college-nashik,Design,Nagpur,Private,M.Sc Chemistry,2 Years,"Boys Hostel, Girls Hostel"
"KTHM College Nashik - KRT Arts BH Commerce and AM Science College, Nashik",https://www.careers360.com/colleges/krt-arts-bh-commerce-and-am-science-college-nashik,Design,Nagpur,Private,M.Sc Statistics,2 Years,"Boys Hostel, Girls Hostel"
"KTHM College Nashik - KRT Arts BH Commerce and AM Science College, Nashik",https://www.careers360.com/colleges/krt-arts-bh-commerce-and-am-science-college-nashik,Design,Nagpur,Private,MJMC,2 Years,"Boys Hostel, Girls Hostel"
"KTHM College Nashik - KRT Arts BH Commerce and AM Science College, Nashik",https://www.careers360.com/colleges/krt-arts-bh-commerce-and-am-science-college-nashik,Design,Nagpur,Private,B.Sc,3 Years,"Boys Hostel, Girls Hostel"
"KTHM College Nashik - KRT Arts BH Commerce and AM Science College, Nashik",https://www.careers360.com/colleges/krt-arts-bh-commerce-and-am-science-college-nashik,Design,Nagpur,Private,B.Sc Animation,3 Years,"Boys Hostel, Girls Hostel"
"KTHM College Nashik - KRT Arts BH Commerce and AM Science College, Nashik",https://www.careers360.com/colleges/krt-arts-bh-commerce-and-am-science-college-nashik,Design,Nagpur,Private,Ph.D Zoology,6 Years,"Boys Hostel, Girls Hostel"
"KTHM College Nashik - KRT Arts BH Commerce and AM Science College, Nashik",https://www.careers360.com/colleges/krt-arts-bh-commerce-and-am-science-college-nashik,Design,Nagpur,Private,BCA,3 Years,"Boys Hostel, Girls Hostel"
"KTHM College Nashik - KRT Arts BH Commerce and AM Science College, Nashik",https://www.careers360.com/colleges/krt-arts-bh-commerce-and-am-science-college-nashik,Design,Nagpur,Private,BA Psychology,3 Years,"Boys Hostel, Girls Hostel"
"KTHM College Nashik - KRT Arts BH Commerce and AM Science College, Nashik",https://www.careers360.com/colleges/krt-arts-bh-commerce-and-am-science-college-nashik,Design,Nagpur,Private,M.Sc Biotechnology,2 Years,"Boys Hostel, Girls Hostel"
"KTHM College Nashik - KRT Arts BH Commerce and AM Science College, Nashik",https://www.careers360.com/colleges/krt-arts-bh-commerce-and-am-science-college-nashik,Design,Nagpur,Private,MA Psychology,2 Years,"Boys Hostel, Girls Hostel"
"KTHM College Nashik - KRT Arts BH Commerce and AM Science College, Nashik",https://www.careers360.com/colleges/krt-arts-bh-commerce-and-am-science-college-nashik,Design,Nagpur,Private,B.Sc Statistics,3 Years,"Boys Hostel, Girls Hostel"
"KTHM College Nashik - KRT Arts BH Commerce and AM Science College, Nashik",https://www.careers360.com/colleges/krt-arts-bh-commerce-and-am-science-college-nashik,Design,Nagpur,Private,M.Sc Zoology,2 Years,"Boys Hostel, Girls Hostel"
"KTHM College Nashik - KRT Arts BH Commerce and AM Science College, Nashik",https://www.careers360.com/colleges/krt-arts-bh-commerce-and-am-science-college-nashik,Design,Nagpur,Private,PG Diploma in Banking and Finance,1 Year,"Boys Hostel, Girls Hostel"
"KTHM College Nashik - KRT Arts BH Commerce and AM Science College, Nashik",https://www.careers360.com/colleges/krt-arts-bh-commerce-and-am-science-college-nashik,Design,Nagpur,Private,MA Political Science,2 Years,"Boys Hostel, Girls Hostel"
"KTHM College Nashik - KRT Arts BH Commerce and AM Science College, Nashik",https://www.careers360.com/colleges/krt-arts-bh-commerce-and-am-science-college-nashik,Design,Nagpur,Private,Ph.D Hindi,6 Years,"Boys Hostel, Girls Hostel"
"KTHM College Nashik - KRT Arts BH Commerce and AM Science College, Nashik",https://www.careers360.com/colleges/krt-arts-bh-commerce-and-am-science-college-nashik,Design,Nagpur,Private,B.Sc Cyber and Digital Science,3 Years,"Boys Hostel, Girls Hostel"
"KTHM College Nashik - KRT Arts BH Commerce and AM Science College, Nashik",https://www.careers360.com/colleges/krt-arts-bh-commerce-and-am-science-college-nashik,Design,Nagpur,Private,B.Voc Interior Design,3 Years,"Boys Hostel, Girls Hostel"
"KTHM College Nashik - KRT Arts BH Commerce and AM Science College, Nashik",https://www.careers360.com/colleges/krt-arts-bh-commerce-and-am-science-college-nashik,Design,Nagpur,Private,B.Sc Biotechnology,3 Years,"Boys Hostel, Girls Hostel"
"KTHM College Nashik - KRT Arts BH Commerce and AM Science College, Nashik",https://www.careers360.com/colleges/krt-arts-bh-commerce-and-am-science-college-nashik,Design,Nagpur,Private,MA English,2 Years,"Boys Hostel, Girls Hostel"
"KTHM College Nashik - KRT Arts BH Commerce and AM Science College, Nashik",https://www.careers360.com/colleges/krt-arts-bh-commerce-and-am-science-college-nashik,Design,Nagpur,Private,Advanced Diploma in Proficiency in English,2 Years,"Boys Hostel, Girls Hostel"
"KTHM College Nashik - KRT Arts BH Commerce and AM Science College, Nashik",https://www.careers360.com/colleges/krt-arts-bh-commerce-and-am-science-college-nashik,Design,Nagpur,Private,Advanced Diploma in Tourism,2 Years,"Boys Hostel, Girls Hostel"
"Loknete Vyankatrao Hiray Arts, Science and Commerce College, Nashik",https://www.careers360.com/colleges/loknete-vyankatrao-hiray-arts-science-and-commerce-college-nashik,Design,Nagpur,Private,BA,3 Years,"Boys Hostel, Girls Hostel"
"Loknete Vyankatrao Hiray Arts, Science and Commerce College, Nashik",https://www.careers360.com/colleges/loknete-vyankatrao-hiray-arts-science-and-commerce-college-nashik,Design,Nagpur,Private,B.Com,3 Years,"Boys Hostel, Girls Hostel"
"Loknete Vyankatrao Hiray Arts, Science and Commerce College, Nashik",https://www.careers360.com/colleges/loknete-vyankatrao-hiray-arts-science-and-commerce-college-nashik,Design,Nagpur,Private,B.Sc,3 Years,"Boys Hostel, Girls Hostel"
"Loknete Vyankatrao Hiray Arts, Science and Commerce College, Nashik",https://www.careers360.com/colleges/loknete-vyankatrao-hiray-arts-science-and-commerce-college-nashik,Design,Nagpur,Private,M.Com,2 Years,"Boys Hostel, Girls Hostel"
"Loknete Vyankatrao Hiray Arts, Science and Commerce College, Nashik",https://www.careers360.com/colleges/loknete-vyankatrao-hiray-arts-science-and-commerce-college-nashik,Design,Nagpur,Private,M.Sc Mathematics,2 Years,"Boys Hostel, Girls Hostel"
"Loknete Vyankatrao Hiray Arts, Science and Commerce College, Nashik",https://www.careers360.com/colleges/loknete-vyankatrao-hiray-arts-science-and-commerce-college-nashik,Design,Nagpur,Private,MA History,2 Years,"Boys Hostel, Girls Hostel"
"Loknete Vyankatrao Hiray Arts, Science and Commerce College, Nashik",https://www.careers360.com/colleges/loknete-vyankatrao-hiray-arts-science-and-commerce-college-nashik,Design,Nagpur,Private,MA Economics,2 Years,"Boys Hostel, Girls Hostel"
"Loknete Vyankatrao Hiray Arts, Science and Commerce College, Nashik",https://www.careers360.com/colleges/loknete-vyankatrao-hiray-arts-science-and-commerce-college-nashik,Design,Nagpur,Private,MA English,2 Years,"Boys Hostel, Girls Hostel"
"Loknete Vyankatrao Hiray Arts, Science and Commerce College, Nashik",https://www.careers360.com/colleges/loknete-vyankatrao-hiray-arts-science-and-commerce-college-nashik,Design,Nagpur,Private,MA Marathi,2 Years,"Boys Hostel, Girls Hostel"
"Loknete Vyankatrao Hiray Arts, Science and Commerce College, Nashik",https://www.careers360.com/colleges/loknete-vyankatrao-hiray-arts-science-and-commerce-college-nashik,Design,Nagpur,Private,Advanced Diploma in Automobile Technology,2 Years,"Boys Hostel, Girls Hostel"
"Loknete Vyankatrao Hiray Arts, Science and Commerce College, Nashik",https://www.careers360.com/colleges/loknete-vyankatrao-hiray-arts-science-and-commerce-college-nashik,Design,Nagpur,Private,Diploma in Automobile Technology,1 Year,"Boys Hostel, Girls Hostel"
"Loknete Vyankatrao Hiray Arts, Science and Commerce College, Nashik",https://www.careers360.com/colleges/loknete-vyankatrao-hiray-arts-science-and-commerce-college-nashik,Design,Nagpur,Private,B.Voc Film Arts,3 Years,"Boys Hostel, Girls Hostel"
"Loknete Vyankatrao Hiray Arts, Science and Commerce College, Nashik",https://www.careers360.com/colleges/loknete-vyankatrao-hiray-arts-science-and-commerce-college-nashik,Design,Nagpur,Private,B.Voc Automobile Technology,3 Years,"Boys Hostel, Girls Hostel"
"Loknete Vyankatrao Hiray Arts, Science and Commerce College, Nashik",https://www.careers360.com/colleges/loknete-vyankatrao-hiray-arts-science-and-commerce-college-nashik,Design,Nagpur,Private,Advanced Diploma in Retail Management,2 Years,"Boys Hostel, Girls Hostel"
"Loknete Vyankatrao Hiray Arts, Science and Commerce College, Nashik",https://www.careers360.com/colleges/loknete-vyankatrao-hiray-arts-science-and-commerce-college-nashik,Design,Nagpur,Private,Diploma in Retail Management,1 Year,"Boys Hostel, Girls Hostel"
"Loknete Vyankatrao Hiray Arts, Science and Commerce College, Nashik",https://www.careers360.com/colleges/loknete-vyankatrao-hiray-arts-science-and-commerce-college-nashik,Design,Nagpur,Private,B.Voc Retail Management,3 Years,"Boys Hostel, Girls Hostel"
"Loknete Vyankatrao Hiray Arts, Science and Commerce College, Nashik",https://www.careers360.com/colleges/loknete-vyankatrao-hiray-arts-science-and-commerce-college-nashik,Design,Nagpur,Private,B.Voc Food Processing Technology,3 Years,"Boys Hostel, Girls Hostel"
"Loknete Vyankatrao Hiray Arts, Science and Commerce College, Nashik",https://www.careers360.com/colleges/loknete-vyankatrao-hiray-arts-science-and-commerce-college-nashik,Design,Nagpur,Private,M.Sc Zoology,2 Years,"Boys Hostel, Girls Hostel"
"Loknete Vyankatrao Hiray Arts, Science and Commerce College, Nashik",https://www.careers360.com/colleges/loknete-vyankatrao-hiray-arts-science-and-commerce-college-nashik,Design,Nagpur,Private,M.Sc Botany,2 Years,"Boys Hostel, Girls Hostel"
"Loknete Vyankatrao Hiray Arts, Science and Commerce College, Nashik",https://www.careers360.com/colleges/loknete-vyankatrao-hiray-arts-science-and-commerce-college-nashik,Design,Nagpur,Private,MA Psychology,2 Years,"Boys Hostel, Girls Hostel"
"Maratha Vidya Prasarak Samaj's Karmaveer Adv Baburao Ganpatrao Thakare College of Engineering, Nashik",https://www.careers360.com/colleges/maratha-vidya-prasarak-samajs-karmaveer-adv-baburao-ganpatrao-thakare-college-of-engineering-nashik,Design,Nagpur,Private,BE Information Technology,4 Years,"Boys Hostel, Girls Hostel"
"Maratha Vidya Prasarak Samaj's Karmaveer Adv Baburao Ganpatrao Thakare College of Engineering, Nashik",https://www.careers360.com/colleges/maratha-vidya-prasarak-samajs-karmaveer-adv-baburao-ganpatrao-thakare-college-of-engineering-nashik,Design,Nagpur,Private,BE Computer Engineering,4 Years,"Boys Hostel, Girls Hostel"
"Maratha Vidya Prasarak Samaj's Karmaveer Adv Baburao Ganpatrao Thakare College of Engineering, Nashik",https://www.careers360.com/colleges/maratha-vidya-prasarak-samajs-karmaveer-adv-baburao-ganpatrao-thakare-college-of-engineering-nashik,Design,Nagpur,Private,BE Electronics and Telecommunication Engineering,4 Years,"Boys Hostel, Girls Hostel"
"Maratha Vidya Prasarak Samaj's Karmaveer Adv Baburao Ganpatrao Thakare College of Engineering, Nashik",https://www.careers360.com/colleges/maratha-vidya-prasarak-samajs-karmaveer-adv-baburao-ganpatrao-thakare-college-of-engineering-nashik,Design,Nagpur,Private,BE Civil Engineering,4 Years,"Boys Hostel, Girls Hostel"
"Maratha Vidya Prasarak Samaj's Karmaveer Adv Baburao Ganpatrao Thakare College of Engineering, Nashik",https://www.careers360.com/colleges/maratha-vidya-prasarak-samajs-karmaveer-adv-baburao-ganpatrao-thakare-college-of-engineering-nashik,Design,Nagpur,Private,BE Mechanical Engineering,4 Years,"Boys Hostel, Girls Hostel"
"Maratha Vidya Prasarak Samaj's Karmaveer Adv Baburao Ganpatrao Thakare College of Engineering, Nashik",https://www.careers360.com/colleges/maratha-vidya-prasarak-samajs-karmaveer-adv-baburao-ganpatrao-thakare-college-of-engineering-nashik,Design,Nagpur,Private,MBA,2 Years,"Boys Hostel, Girls Hostel"
"Maratha Vidya Prasarak Samaj's Karmaveer Adv Baburao Ganpatrao Thakare College of Engineering, Nashik",https://www.careers360.com/colleges/maratha-vidya-prasarak-samajs-karmaveer-adv-baburao-ganpatrao-thakare-college-of-engineering-nashik,Design,Nagpur,Private,BE Artificial Intelligence and Data Science,4 Years,"Boys Hostel, Girls Hostel"
"Maratha Vidya Prasarak Samaj's Karmaveer Adv Baburao Ganpatrao Thakare College of Engineering, Nashik",https://www.careers360.com/colleges/maratha-vidya-prasarak-samajs-karmaveer-adv-baburao-ganpatrao-thakare-college-of-engineering-nashik,Design,Nagpur,Private,BE Automation and Robotics,4 Years,"Boys Hostel, Girls Hostel"
"Maratha Vidya Prasarak Samaj's Karmaveer Adv Baburao Ganpatrao Thakare College of Engineering, Nashik",https://www.careers360.com/colleges/maratha-vidya-prasarak-samajs-karmaveer-adv-baburao-ganpatrao-thakare-college-of-engineering-nashik,Design,Nagpur,Private,BE Electrical Engineering,4 Years,"Boys Hostel, Girls Hostel"
"Maratha Vidya Prasarak Samaj's Karmaveer Adv Baburao Ganpatrao Thakare College of Engineering, Nashik",https://www.careers360.com/colleges/maratha-vidya-prasarak-samajs-karmaveer-adv-baburao-ganpatrao-thakare-college-of-engineering-nashik,Design,Nagpur,Private,BE Instrumentation and Control Engineering,4 Years,"Boys Hostel, Girls Hostel"
"Maratha Vidya Prasarak Samaj's Karmaveer Adv Baburao Ganpatrao Thakare College of Engineering, Nashik",https://www.careers360.com/colleges/maratha-vidya-prasarak-samajs-karmaveer-adv-baburao-ganpatrao-thakare-college-of-engineering-nashik,Design,Nagpur,Private,ME Construction Management,2 Years,"Boys Hostel, Girls Hostel"
"Maratha Vidya Prasarak Samaj's Karmaveer Adv Baburao Ganpatrao Thakare College of Engineering, Nashik",https://www.careers360.com/colleges/maratha-vidya-prasarak-samajs-karmaveer-adv-baburao-ganpatrao-thakare-college-of-engineering-nashik,Design,Nagpur,Private,ME Mechanical Engineering Design,2 Years,"Boys Hostel, Girls Hostel"
"Maratha Vidya Prasarak Samaj's Karmaveer Adv Baburao Ganpatrao Thakare College of Engineering, Nashik",https://www.careers360.com/colleges/maratha-vidya-prasarak-samajs-karmaveer-adv-baburao-ganpatrao-thakare-college-of-engineering-nashik,Design,Nagpur,Private,ME VLSI and Embedded Systems,2 Years,"Boys Hostel, Girls Hostel"
"Maratha Vidya Prasarak Samaj's Karmaveer Adv Baburao Ganpatrao Thakare College of Engineering, Nashik",https://www.careers360.com/colleges/maratha-vidya-prasarak-samajs-karmaveer-adv-baburao-ganpatrao-thakare-college-of-engineering-nashik,Design,Nagpur,Private,ME Structural Engineering,2 Years,"Boys Hostel, Girls Hostel"
"Maratha Vidya Prasarak Samaj's Karmaveer Adv Baburao Ganpatrao Thakare College of Engineering, Nashik",https://www.careers360.com/colleges/maratha-vidya-prasarak-samajs-karmaveer-adv-baburao-ganpatrao-thakare-college-of-engineering-nashik,Design,Nagpur,Private,ME Computer Engineering,2 Years,"Boys Hostel, Girls Hostel"
"Matoshri College of Engineering and Research Centre, Nashik",https://www.careers360.com/colleges/matoshri-college-of-engineering-and-research-centre-nashik,Design,Nagpur,Private,BE Computer Engineering,4 Years,"Boys Hostel, Girls Hostel"
"Matoshri College of Engineering and Research Centre, Nashik",https://www.careers360.com/colleges/matoshri-college-of-engineering-and-research-centre-nashik,Design,Nagpur,Private,BE Information Technology,4 Years,"Boys Hostel, Girls Hostel"
"Matoshri College of Engineering and Research Centre, Nashik",https://www.careers360.com/colleges/matoshri-college-of-engineering-and-research-centre-nashik,Design,Nagpur,Private,BE Electronics and Computer Engineering,4 Years,"Boys Hostel, Girls Hostel"
"Matoshri College of Engineering and Research Centre, Nashik",https://www.careers360.com/colleges/matoshri-college-of-engineering-and-research-centre-nashik,Design,Nagpur,Private,BE Artificial Intelligence and Data Science,4 Years,"Boys Hostel, Girls Hostel"
"Matoshri College of Engineering and Research Centre, Nashik",https://www.careers360.com/colleges/matoshri-college-of-engineering-and-research-centre-nashik,Design,Nagpur,Private,MCA,2 Years,"Boys Hostel, Girls Hostel"
"Matoshri College of Engineering and Research Centre, Nashik",https://www.careers360.com/colleges/matoshri-college-of-engineering-and-research-centre-nashik,Design,Nagpur,Private,BE Mechanical Engineering,4 Years,"Boys Hostel, Girls Hostel"
"Matoshri College of Engineering and Research Centre, Nashik",https://www.careers360.com/colleges/matoshri-college-of-engineering-and-research-centre-nashik,Design,Nagpur,Private,BE Civil Engineering,4 Years,"Boys Hostel, Girls Hostel"
"Matoshri College of Engineering and Research Centre, Nashik",https://www.careers360.com/colleges/matoshri-college-of-engineering-and-research-centre-nashik,Design,Nagpur,Private,BE Electronics and Telecommunication Engineering,4 Years,"Boys Hostel, Girls Hostel"
"Matoshri College of Engineering and Research Centre, Nashik",https://www.careers360.com/colleges/matoshri-college-of-engineering-and-research-centre-nashik,Design,Nagpur,Private,BE Electrical Engineering,4 Years,"Boys Hostel, Girls Hostel"
"Matoshri College of Engineering and Research Centre, Nashik",https://www.careers360.com/colleges/matoshri-college-of-engineering-and-research-centre-nashik,Design,Nagpur,Private,ME Geotechnical Engineering,2 Years,"Boys Hostel, Girls Hostel"
"Matoshri College of Engineering and Research Centre, Nashik",https://www.careers360.com/colleges/matoshri-college-of-engineering-and-research-centre-nashik,Design,Nagpur,Private,ME Electrical Power Systems,2 Years,"Boys Hostel, Girls Hostel"
"Matoshri College of Engineering and Research Centre, Nashik",https://www.careers360.com/colleges/matoshri-college-of-engineering-and-research-centre-nashik,Design,Nagpur,Private,ME Data Science,2 Years,"Boys Hostel, Girls Hostel"
"Matoshri College of Engineering and Research Centre, Nashik",https://www.careers360.com/colleges/matoshri-college-of-engineering-and-research-centre-nashik,Design,Nagpur,Private,ME Heat Power Engineering,2 Years,"Boys Hostel, Girls Hostel"
"Matoshri College of Engineering and Research Centre, Nashik",https://www.careers360.com/colleges/matoshri-college-of-engineering-and-research-centre-nashik,Design,Nagpur,Private,ME VLSI and Embedded System Design,2 Years,"Boys Hostel, Girls Hostel"
"Matoshri College of Engineering and Research Centre, Nashik",https://www.careers360.com/colleges/matoshri-college-of-engineering-and-research-centre-nashik,Design,Nagpur,Private,ME Computer Engineering,2 Years,"Boys Hostel, Girls Hostel"
"Matoshri College of Engineering and Research Centre, Nashik",https://www.careers360.com/colleges/matoshri-college-of-engineering-and-research-centre-nashik,Design,Nagpur,Private,Ph.D Electronics and Telecommunication Engineering,6 Years,"Boys Hostel, Girls Hostel"
"Matoshri College of Engineering and Research Centre, Nashik",https://www.careers360.com/colleges/matoshri-college-of-engineering-and-research-centre-nashik,Design,Nagpur,Private,Ph.D Computer Engineering,6 Years,"Boys Hostel, Girls Hostel"
"Matoshri College of Engineering and Research Centre, Nashik",https://www.careers360.com/colleges/matoshri-college-of-engineering-and-research-centre-nashik,Design,Nagpur,Private,Ph.D Mechanical Engineering,6 Years,"Boys Hostel, Girls Hostel"
"MET Bhujbal Knowledge City, Nashik",https://www.careers360.com/colleges/met-bhujbal-knowledge-city-nashik,Design,Nagpur,Private,MBA,2 Years,"Boys Hostel, Girls Hostel"
"MET Bhujbal Knowledge City, Nashik",https://www.careers360.com/colleges/met-bhujbal-knowledge-city-nashik,Design,Nagpur,Private,B.Tech Mechanical Engineering,4 Years,"Boys Hostel, Girls Hostel"
"MET Bhujbal Knowledge City, Nashik",https://www.careers360.com/colleges/met-bhujbal-knowledge-city-nashik,Design,Nagpur,Private,Diploma in Civil Engineering,3 Years,"Boys Hostel, Girls Hostel"
"MET Bhujbal Knowledge City, Nashik",https://www.careers360.com/colleges/met-bhujbal-knowledge-city-nashik,Design,Nagpur,Private,B.Tech Computer Engineering,4 Years,"Boys Hostel, Girls Hostel"
"MET Bhujbal Knowledge City, Nashik",https://www.careers360.com/colleges/met-bhujbal-knowledge-city-nashik,Design,Nagpur,Private,B.Pharma,4 Years,"Boys Hostel, Girls Hostel"
"MET Bhujbal Knowledge City, Nashik",https://www.careers360.com/colleges/met-bhujbal-knowledge-city-nashik,Design,Nagpur,Private,Diploma in Mechanical Engineering,3 Years,"Boys Hostel, Girls Hostel"
"MET Bhujbal Knowledge City, Nashik",https://www.careers360.com/colleges/met-bhujbal-knowledge-city-nashik,Design,Nagpur,Private,B.Arch,5 Years,"Boys Hostel, Girls Hostel"
"MET Bhujbal Knowledge City, Nashik",https://www.careers360.com/colleges/met-bhujbal-knowledge-city-nashik,Design,Nagpur,Private,Diploma in Computer Engineering,3 Years,"Boys Hostel, Girls Hostel"
"MET Bhujbal Knowledge City, Nashik",https://www.careers360.com/colleges/met-bhujbal-knowledge-city-nashik,Design,Nagpur,Private,B.Tech Civil Engineering,4 Years,"Boys Hostel, Girls Hostel"
"MET Bhujbal Knowledge City, Nashik",https://www.careers360.com/colleges/met-bhujbal-knowledge-city-nashik,Design,Nagpur,Private,B.Des Set Design,4 Years,"Boys Hostel, Girls Hostel"
"MET Bhujbal Knowledge City, Nashik",https://www.careers360.com/colleges/met-bhujbal-knowledge-city-nashik,Design,Nagpur,Private,B.Des Interior Design,4 Years,"Boys Hostel, Girls Hostel"
"MET Bhujbal Knowledge City, Nashik",https://www.careers360.com/colleges/met-bhujbal-knowledge-city-nashik,Design,Nagpur,Private,Diploma in Information Technology,3 Years,"Boys Hostel, Girls Hostel"
"MET Bhujbal Knowledge City, Nashik",https://www.careers360.com/colleges/met-bhujbal-knowledge-city-nashik,Design,Nagpur,Private,Diploma in Electrical Engineering,3 Years,"Boys Hostel, Girls Hostel"
"MET Bhujbal Knowledge City, Nashik",https://www.careers360.com/colleges/met-bhujbal-knowledge-city-nashik,Design,Nagpur,Private,D.Pharma,2 Years,"Boys Hostel, Girls Hostel"
"MET Bhujbal Knowledge City, Nashik",https://www.careers360.com/colleges/met-bhujbal-knowledge-city-nashik,Design,Nagpur,Private,BBA,3 Years,"Boys Hostel, Girls Hostel"
"MET Bhujbal Knowledge City, Nashik",https://www.careers360.com/colleges/met-bhujbal-knowledge-city-nashik,Design,Nagpur,Private,B.Tech Electronics and Telecommunication Engineering,4 Years,"Boys Hostel, Girls Hostel"
"MET Bhujbal Knowledge City, Nashik",https://www.careers360.com/colleges/met-bhujbal-knowledge-city-nashik,Design,Nagpur,Private,B.Tech Civil and Environmental Engineering,4 Years,"Boys Hostel, Girls Hostel"
"MET Bhujbal Knowledge City, Nashik",https://www.careers360.com/colleges/met-bhujbal-knowledge-city-nashik,Design,Nagpur,Private,B.Tech Artificial Intelligence and Data Science,4 Years,"Boys Hostel, Girls Hostel"
"MET Bhujbal Knowledge City, Nashik",https://www.careers360.com/colleges/met-bhujbal-knowledge-city-nashik,Design,Nagpur,Private,B.Des Product Design,4 Years,"Boys Hostel, Girls Hostel"
"MET Bhujbal Knowledge City, Nashik",https://www.careers360.com/colleges/met-bhujbal-knowledge-city-nashik,Design,Nagpur,Private,MCA,2 Years,"Boys Hostel, Girls Hostel"
"MET's School of Architecture and Interior Design, Nashik",https://www.careers360.com/colleges/mets-school-of-architecture-and-interior-design-nashik,Design,Nagpur,Private,B.Arch,5 Years,N/A
"MET's School of Architecture and Interior Design, Nashik",https://www.careers360.com/colleges/mets-school-of-architecture-and-interior-design-nashik,Design,Nagpur,Private,B.Des,4 Years,N/A
"MET's School of Architecture and Interior Design, Nashik",https://www.careers360.com/colleges/mets-school-of-architecture-and-interior-design-nashik,Design,Nagpur,Private,Diploma in Architecture,3 Years,N/A
"NDMVP Samajs College of Architecture, Nashik",https://www.careers360.com/colleges/ndmvp-samajs-college-of-architecture-nashik,Design,Nagpur,Private,B.Arch,5 Years,"Girls Hostel, Boys Hostel"
"NDMVP Samajs College of Architecture, Nashik",https://www.careers360.com/colleges/ndmvp-samajs-college-of-architecture-nashik,Design,Nagpur,Private,M.Arch Environmental Architecture,2 Years,"Girls Hostel, Boys Hostel"
"NDMVP Samajs College of Architecture, Nashik",https://www.careers360.com/colleges/ndmvp-samajs-college-of-architecture-nashik,Design,Nagpur,Private,B.Des,4 Years,"Girls Hostel, Boys Hostel"
"Sandip University, Nashik",https://www.careers360.com/university/sandip-university-nashik,Design,Nagpur,Private,BBA LLB Hons,5 Years,"Boys Hostel, Girls Hostel"
"Sandip University, Nashik",https://www.careers360.com/university/sandip-university-nashik,Design,Nagpur,Private,BA LLB Hons,5 Years,"Boys Hostel, Girls Hostel"
"Sandip University, Nashik",https://www.careers360.com/university/sandip-university-nashik,Design,Nagpur,Private,M.Sc Physics,2 Years,"Boys Hostel, Girls Hostel"
"Sandip University, Nashik",https://www.careers360.com/university/sandip-university-nashik,Design,Nagpur,Private,LLB Hons,3 Years,"Boys Hostel, Girls Hostel"
"Sandip University, Nashik",https://www.careers360.com/university/sandip-university-nashik,Design,Nagpur,Private,B.Pharma,4 Years,"Boys Hostel, Girls Hostel"
"Sandip University, Nashik",https://www.careers360.com/university/sandip-university-nashik,Design,Nagpur,Private,D.Pharma,2 Years,"Boys Hostel, Girls Hostel"
"Sandip University, Nashik",https://www.careers360.com/university/sandip-university-nashik,Design,Nagpur,Private,B.Sc Beauty Cosmetology,3 Years,"Boys Hostel, Girls Hostel"
"Sandip University, Nashik",https://www.careers360.com/university/sandip-university-nashik,Design,Nagpur,Private,B.Sc Interior Design and Decoration,3 Years,"Boys Hostel, Girls Hostel"
"Sandip University, Nashik",https://www.careers360.com/university/sandip-university-nashik,Design,Nagpur,Private,B.Des Fashion and Lifestyle Design,4 Years,"Boys Hostel, Girls Hostel"
"Sandip University, Nashik",https://www.careers360.com/university/sandip-university-nashik,Design,Nagpur,Private,B.Des Space and Interior Design,4 Years,"Boys Hostel, Girls Hostel"
"Sandip University, Nashik",https://www.careers360.com/university/sandip-university-nashik,Design,Nagpur,Private,M.Sc Beauty Cosmetology,2 Years,"Boys Hostel, Girls Hostel"
"Sandip University, Nashik",https://www.careers360.com/university/sandip-university-nashik,Design,Nagpur,Private,M.Pharma Pharmaceutical Quality Assurance,2 Years,"Boys Hostel, Girls Hostel"
"Sandip University, Nashik",https://www.careers360.com/university/sandip-university-nashik,Design,Nagpur,Private,M.Sc Cosmetic Science,2 Years,"Boys Hostel, Girls Hostel"
"Sandip University, Nashik",https://www.careers360.com/university/sandip-university-nashik,Design,Nagpur,Private,B.Tech Electronics and Telecommunication,4 Years,"Boys Hostel, Girls Hostel"
"Sandip University, Nashik",https://www.careers360.com/university/sandip-university-nashik,Design,Nagpur,Private,B.Com,3 Years,"Boys Hostel, Girls Hostel"
"Sandip University, Nashik",https://www.careers360.com/university/sandip-university-nashik,Design,Nagpur,Private,B.Sc Forensic Science,3 Years,"Boys Hostel, Girls Hostel"
"Sandip University, Nashik",https://www.careers360.com/university/sandip-university-nashik,Design,Nagpur,Private,B.Sc Microbiology,3 Years,"Boys Hostel, Girls Hostel"
"Sandip University, Nashik",https://www.careers360.com/university/sandip-university-nashik,Design,Nagpur,Private,B.Tech Electrical Engineering,4 Years,"Boys Hostel, Girls Hostel"
"Sandip University, Nashik",https://www.careers360.com/university/sandip-university-nashik,Design,Nagpur,Private,B.Tech Aeronautical Engineering,4 Years,"Boys Hostel, Girls Hostel"
"Sandip University, Nashik",https://www.careers360.com/university/sandip-university-nashik,Design,Nagpur,Private,BBA International Business,3 Years,"Boys Hostel, Girls Hostel"
"SMRK BKAK Mahila Mahavidyalaya, Nashik",https://www.careers360.com/colleges/smrk-bkak-mahila-mahavidyalaya-nashik,Design,Nagpur,Private,BA,3 Years,Girls Hostel
"SMRK BKAK Mahila Mahavidyalaya, Nashik",https://www.careers360.com/colleges/smrk-bkak-mahila-mahavidyalaya-nashik,Design,Nagpur,Private,B.Sc Home Science,3 Years,Girls Hostel
"SMRK BKAK Mahila Mahavidyalaya, Nashik",https://www.careers360.com/colleges/smrk-bkak-mahila-mahavidyalaya-nashik,Design,Nagpur,Private,B.Com,3 Years,Girls Hostel
"SMRK BKAK Mahila Mahavidyalaya, Nashik",https://www.careers360.com/colleges/smrk-bkak-mahila-mahavidyalaya-nashik,Design,Nagpur,Private,MA Marathi,2 Years,Girls Hostel
"SMRK BKAK Mahila Mahavidyalaya, Nashik",https://www.careers360.com/colleges/smrk-bkak-mahila-mahavidyalaya-nashik,Design,Nagpur,Private,MA Sociology,2 Years,Girls Hostel
"SMRK BKAK Mahila Mahavidyalaya, Nashik",https://www.careers360.com/colleges/smrk-bkak-mahila-mahavidyalaya-nashik,Design,Nagpur,Private,MA Music,2 Years,Girls Hostel
"SMRK BKAK Mahila Mahavidyalaya, Nashik",https://www.careers360.com/colleges/smrk-bkak-mahila-mahavidyalaya-nashik,Design,Nagpur,Private,M.Com,2 Years,Girls Hostel
"SMRK BKAK Mahila Mahavidyalaya, Nashik",https://www.careers360.com/colleges/smrk-bkak-mahila-mahavidyalaya-nashik,Design,Nagpur,Private,MA Hindi,2 Years,Girls Hostel
"SMRK BKAK Mahila Mahavidyalaya, Nashik",https://www.careers360.com/colleges/smrk-bkak-mahila-mahavidyalaya-nashik,Design,Nagpur,Private,Diploma in Garment Manufacturing and Fashion Designing,1 Year,Girls Hostel
"SMRK BKAK Mahila Mahavidyalaya, Nashik",https://www.careers360.com/colleges/smrk-bkak-mahila-mahavidyalaya-nashik,Design,Nagpur,Private,Diploma in Interior Designing and Decoration,1 Year,Girls Hostel
"SMRK BKAK Mahila Mahavidyalaya, Nashik",https://www.careers360.com/colleges/smrk-bkak-mahila-mahavidyalaya-nashik,Design,Nagpur,Private,BVA,3 Years,Girls Hostel
"YCMOU Nashik - Yashwantrao Chavan Maharashtra Open University, Nashik",https://www.careers360.com/university/yashwantrao-chavan-maharashtra-open-university-nashik,Design,Nagpur,Government,Diploma in Aircraft Maintenance Engineering,2 Years,N/A
"YCMOU Nashik - Yashwantrao Chavan Maharashtra Open University, Nashik",https://www.careers360.com/university/yashwantrao-chavan-maharashtra-open-university-nashik,Design,Nagpur,Government,B.Sc Animation,3 Years,N/A
"YCMOU Nashik - Yashwantrao Chavan Maharashtra Open University, Nashik",https://www.careers360.com/university/yashwantrao-chavan-maharashtra-open-university-nashik,Design,Nagpur,Government,UG Diploma in Visual Effects,2 Years,N/A
"YCMOU Nashik - Yashwantrao Chavan Maharashtra Open University, Nashik",https://www.careers360.com/university/yashwantrao-chavan-maharashtra-open-university-nashik,Design,Nagpur,Government,UG Diploma in 3D Animation,2 Years,N/A
"YCMOU Nashik - Yashwantrao Chavan Maharashtra Open University, Nashik",https://www.careers360.com/university/yashwantrao-chavan-maharashtra-open-university-nashik,Design,Nagpur,Government,PG Diploma in 3D Animation,1 Year,N/A
"YCMOU Nashik - Yashwantrao Chavan Maharashtra Open University, Nashik",https://www.careers360.com/university/yashwantrao-chavan-maharashtra-open-university-nashik,Design,Nagpur,Government,Diploma in Game Designing,1 Year,N/A
"YCMOU Nashik - Yashwantrao Chavan Maharashtra Open University, Nashik",https://www.careers360.com/university/yashwantrao-chavan-maharashtra-open-university-nashik,Design,Nagpur,Government,MA Animation,2 Years,N/A
"YCMOU Nashik - Yashwantrao Chavan Maharashtra Open University, Nashik",https://www.careers360.com/university/yashwantrao-chavan-maharashtra-open-university-nashik,Design,Nagpur,Government,BA Animation,3 Years,N/A
"YCMOU Nashik - Yashwantrao Chavan Maharashtra Open University, Nashik",https://www.careers360.com/university/yashwantrao-chavan-maharashtra-open-university-nashik,Design,Nagpur,Government,B.Sc Animation Graphics,3 Years,N/A
"YCMOU Nashik - Yashwantrao Chavan Maharashtra Open University, Nashik",https://www.careers360.com/university/yashwantrao-chavan-maharashtra-open-university-nashik,Design,Nagpur,Government,Diploma in VFX,3 Years,N/A
"YCMOU Nashik - Yashwantrao Chavan Maharashtra Open University, Nashik",https://www.careers360.com/university/yashwantrao-chavan-maharashtra-open-university-nashik,Design,Nagpur,Government,PG Diploma in Graphics Designing,1 Year,N/A
"YCMOU Nashik - Yashwantrao Chavan Maharashtra Open University, Nashik",https://www.careers360.com/university/yashwantrao-chavan-maharashtra-open-university-nashik,Design,Nagpur,Government,Diploma in Advance Media Graphics Animation,3 Years,N/A
"YCMOU Nashik - Yashwantrao Chavan Maharashtra Open University, Nashik",https://www.careers360.com/university/yashwantrao-chavan-maharashtra-open-university-nashik,Design,Nagpur,Government,Diploma in Interior Design,2 Years,N/A
"YCMOU Nashik - Yashwantrao Chavan Maharashtra Open University, Nashik",https://www.careers360.com/university/yashwantrao-chavan-maharashtra-open-university-nashik,Design,Nagpur,Government,PG Diploma in Web Design and Digital Marketing,1 Year,N/A
"YCMOU Nashik - Yashwantrao Chavan Maharashtra Open University, Nashik",https://www.careers360.com/university/yashwantrao-chavan-maharashtra-open-university-nashik,Design,Nagpur,Government,Diploma in VFX,1 Year,N/A
"YCMOU Nashik - Yashwantrao Chavan Maharashtra Open University, Nashik",https://www.careers360.com/university/yashwantrao-chavan-maharashtra-open-university-nashik,Design,Nagpur,Government,Diploma in Game Design Part Time,1 Year,N/A
"YCMOU Nashik - Yashwantrao Chavan Maharashtra Open University, Nashik",https://www.careers360.com/university/yashwantrao-chavan-maharashtra-open-university-nashik,Design,Nagpur,Government,Diploma in VFX Part Time,1 Year,N/A
"YCMOU Nashik - Yashwantrao Chavan Maharashtra Open University, Nashik",https://www.careers360.com/university/yashwantrao-chavan-maharashtra-open-university-nashik,Design,Nagpur,Government,B.Sc Media Graphics and Animation,3 Years,N/A
"YCMOU Nashik - Yashwantrao Chavan Maharashtra Open University, Nashik",https://www.careers360.com/university/yashwantrao-chavan-maharashtra-open-university-nashik,Design,Nagpur,Government,Diploma in Game Design,1 Year,N/A
"YCMOU Nashik - Yashwantrao Chavan Maharashtra Open University, Nashik",https://www.careers360.com/university/yashwantrao-chavan-maharashtra-open-university-nashik,Design,Nagpur,Government,Diploma in Web and Graphics Designing,1 Year,N/A
"Zee Institute of Creative Arts, Nashik",https://www.careers360.com/colleges/zee-institute-of-creative-arts-nashik,Design,Nagpur,Private,PDP in 3D Animation Visual Effects,3 Years,N/A
"Zee Institute of Creative Arts, Nashik",https://www.careers360.com/colleges/zee-institute-of-creative-arts-nashik,Design,Nagpur,Private,Professional Program in Advance Game Art and Design,1 Year,N/A
"Zee Institute of Creative Arts, Nashik",https://www.careers360.com/colleges/zee-institute-of-creative-arts-nashik,Design,Nagpur,Private,Professional Program in Graphic Design,1 Year,N/A
"Zee Institute of Creative Arts, Nashik",https://www.careers360.com/colleges/zee-institute-of-creative-arts-nashik,Design,Nagpur,Private,Professional Program in Visual Effects,1 Year,N/A
"Zee Institute of Creative Arts, Nashik",https://www.careers360.com/colleges/zee-institute-of-creative-arts-nashik,Design,Nagpur,Private,PDP in Film Making Visual Effects,2 Years,N/A
"Zee Institute of Creative Arts, Nashik",https://www.careers360.com/colleges/zee-institute-of-creative-arts-nashik,Design,Nagpur,Private,Professional Program in 2D Animation,1 Year,N/A
"Zee Institute of Creative Arts, Nashik",https://www.careers360.com/colleges/zee-institute-of-creative-arts-nashik,Design,Nagpur,Private,Professional Program in 3D Animation,1 Year,N/A
