College Name,College Link,Stream,City
"Ashoka Business School, Nashik",https://www.careers360.com/colleges/ashoka-business-school-nashik,Management,Nashik
"Ashoka Center for Business and Computer Studies, Nashik",https://www.careers360.com/colleges/ashoka-center-for-business-and-computer-studies-nashik,Management,Nashik
"Bhonsala Military College, Nashik",https://www.careers360.com/colleges/bhonsala-military-college-nashik,Management,Nashik
"Brahma Valley College of Engineering and Research Institute, Nashik",https://www.careers360.com/colleges/brahma-valley-college-of-engineering-and-research-institute-nashik,Management,Nashik
"Brahma Valley Institute of Management, Nashik",https://www.careers360.com/colleges/brahma-valley-institute-of-management-nashik,Management,Nashik
"BYK Nasik - BYK Sinnar College of Commerce, Nasik",https://www.careers360.com/colleges/byk-sinnar-college-of-commerce-nasik,Management,Nashik
"CHME Society's Dr Moonje Institute of Management and Computer Studies, Nashik",https://www.careers360.com/colleges/chme-societys-dr-moonje-institute-of-management-and-computer-studies-nashik,Management,Nashik
"Dang Seva Mandal, Arts and Commerce College, Umbarthan",https://www.careers360.com/colleges/dang-seva-mandal-arts-and-commerce-college-umbarthan,Management,Nashik
"Dang Seva Mandal's Arts College, Abhone",https://www.careers360.com/colleges/dang-seva-mandals-arts-college-abhone,Management,Nashik
"GD Sawant Arts Commerce Science and BCS College, Nashik",https://www.careers360.com/colleges/gd-sawant-arts-commerce-science-and-bcs-college-nashik,Management,Nashik
"Guru Gobind Singh College of Engineering and Research Centre, Nashik",https://www.careers360.com/colleges/guru-gobind-singh-college-of-engineering-and-research-centre-nashik,Management,Nashik
"Institute of Management Research and Technology, Nashik",https://www.careers360.com/colleges/institute-of-management-research-and-technology-nashik,Management,Nashik
"JDC Bytco Institute of Management Studies and Research, Nashik",https://www.careers360.com/colleges/jdc-bytco-institute-of-management-studies-and-research-nashik,Management,Nashik
"Karmaveer Shantarmbapu Kondaji Wavare Arts Science and Commerce College, Nashik",https://www.careers360.com/colleges/karmaveer-shantarmbapu-kondaji-wavare-arts-science-and-commerce-college-nashik,Management,Nashik
"KK Wagh Arts, Commerce, Science and Computer Science College, Nashik",https://www.careers360.com/colleges/kk-wagh-arts-commerce-science-and-computer-science-college-nashik,Management,Nashik
"KK Wagh College of Agricultural Business Management, Nashik",https://www.careers360.com/colleges/kk-wagh-college-of-agricultural-business-management-nashik,Management,Nashik
"KK Wagh Institute of Engineering Education and Research, Nashik",https://www.careers360.com/colleges/kk-wagh-institute-of-engineering-education-and-research-nashik,Management,Nashik
"Krantiveer Vasantrao Narayanrao Naik Shikshan Prasarak Sanstha's Arts and Commerce College, Dindori",https://www.careers360.com/colleges/krantiveer-vasantrao-narayanrao-naik-shikshan-prasarak-sansthas-arts-and-commerce-college-dindori,Management,Nashik
"Krantiveer Vasantrao Narayanrao Naik Shikshan Prasarak Sanstha's Arts Commerce and Science College, Nashik",https://www.careers360.com/colleges/krantiveer-vasantrao-narayanrao-naik-shikshan-prasarak-sansthas-arts-commerce-and-science-college-nashik,Management,Nashik
"KR Sapkal College of Management Studies, Nashik",https://www.careers360.com/colleges/kr-sapkal-college-of-management-studies-nashik,Management,Nashik
"KTHM College Nashik - KRT Arts BH Commerce and AM Science College, Nashik",https://www.careers360.com/colleges/krt-arts-bh-commerce-and-am-science-college-nashik,Management,Nashik
"Late Annasaheb Patil Polytechnic, Nashik",https://www.careers360.com/colleges/late-annasaheb-patil-polytechnic-nashik,Management,Nashik
"Loknete Gopinathji Munde Institute of Engineering Education and Research, Nashik",https://www.careers360.com/colleges/loknete-gopinathji-munde-institute-of-engineering-education-and-research-nashik,Management,Nashik
"Loknete Vyankatrao Hiray Arts, Science and Commerce College, Nashik",https://www.careers360.com/colleges/loknete-vyankatrao-hiray-arts-science-and-commerce-college-nashik,Management,Nashik
"Mahatma Gandhi Vidyamandir's Arts Science and Commerce College, Manmad",https://www.careers360.com/colleges/mahatma-gandhi-vidyamandirs-arts-science-and-commerce-college-manmad,Management,Nashik
"Mahatma Gandhi Vidyamandir's Institute of Management and Research, Nashik",https://www.careers360.com/colleges/mahatma-gandhi-vidyamandirs-institute-of-management-and-research-nashik,Management,Nashik
"Mahatma Gandhi Vidyamandir's Panchvati College of  Management and Computer Science, Panchvati",https://www.careers360.com/colleges/mahatma-gandhi-vidyamandirs-panchvati-college-of-management-and-computer-science-panchvati,Management,Nashik
"Mahavir Polytechnic, Nashik",https://www.careers360.com/colleges/mahavir-polytechnic-nashik,Management,Nashik
"Maratha Vidya Prasarak Samaj's Commerce, Management and Computer Science, Nashik",https://www.careers360.com/colleges/maratha-vidya-prasarak-samajs-commerce-management-and-computer-science-nashik,Management,Nashik
"Maratha Vidya Prasarak Samaj's Karmaveer Adv Baburao Ganpatrao Thakare College of Engineering, Nashik",https://www.careers360.com/colleges/maratha-vidya-prasarak-samajs-karmaveer-adv-baburao-ganpatrao-thakare-college-of-engineering-nashik,Management,Nashik
"MET Bhujbal Knowledge City, Nashik",https://www.careers360.com/colleges/met-bhujbal-knowledge-city-nashik,Management,Nashik
"MET's Institute of Management, Nashik",https://www.careers360.com/colleges/mets-institute-of-management-nashik,Management,Nashik
"National Senior College, Nashik",https://www.careers360.com/colleges/national-senior-college-nashik,Management,Nashik
"Navjeevan Institute of Management, Nashik",https://www.careers360.com/colleges/navjeevan-institute-of-management-nashik,Management,Nashik
"Nutan Vidya Prasarak Mandal's Arts Commerce and Science College, Lasalgaon",https://www.careers360.com/colleges/nutan-vidya-prasarak-mandals-arts-commerce-and-science-college-lasalgaon,Management,Nashik
"Pune Vidhyarthi Griha's College of Engineering, Nashik",https://www.careers360.com/colleges/pune-vidhyarthi-grihas-college-of-engineering-nashik,Management,Nashik
"Pune Vidyarthi Griha's College of Engineering and SS Dhamankar Institute of Management, Nashik",https://www.careers360.com/colleges/pune-vidyarthi-grihas-college-of-engineering-and-ss-dhamankar-institute-of-management-nashik,Management,Nashik
"Pune Vidyarthi Griha's Institute of Management, Nashik",https://www.careers360.com/colleges/pune-vidyarthi-grihas-institute-of-management-nashik,Management,Nashik
"RNC Arts JDB Commerce and NSC Science College, Nashik",https://www.careers360.com/colleges/rnc-arts-jdb-commerce-and-nsc-science-college-nashik,Management,Nashik
"SIEM Nashik - Sandip Institute of Engineering and Management, Nashik",https://www.careers360.com/colleges/sandip-institute-of-engineering-and-management-nashik,Management,Nashik
"Sandip University, Nashik",https://www.careers360.com/university/sandip-university-nashik,Management,Nashik
"Sir Dr MS Gosavi Institute of Business Studies, Nashik",https://www.careers360.com/colleges/sir-dr-ms-gosavi-institute-of-business-studies-nashik,Management,Nashik
"SNJB's Karmvir Keshavlalji Harakchand Ji Abad Arts Shriman Motilal Girdharilal Lodha Commerce and Shriman PH Jain Science College, Chandwad",https://www.careers360.com/colleges/snjbs-karmvir-keshavlalji-harakchand-ji-abad-arts-shriman-motilal-girdharilal-lodha-commerce-and-shriman-ph-jain-science-college-ch,Management,Nashik
"SNJB's Late Sau Kantabai Bhavarlalji Jain College of Engineering, Nashik",https://www.careers360.com/colleges/snjbs-late-sau-kantabai-bhavarlalji-jain-college-of-engineering-nashik,Management,Nashik
"SIOM Nashik - Symbiosis Institute of Operations Management, Nashik",https://www.careers360.com/colleges/symbiosis-institute-of-operations-management-nashik,Management,Nashik
"Universal College of Management, Nashik",https://www.careers360.com/colleges/universal-college-of-management-nashik,Management,Nashik
"Vishwasattya College of MBA, Nashik",https://www.careers360.com/colleges/vishwasattya-college-of-mba-nashik,Management,Nashik
"Wada College of Management and Science, Wada",https://www.careers360.com/colleges/wada-college-of-management-and-science-wada,Management,Nashik
"YCMOU Nashik - Yashwantrao Chavan Maharashtra Open University, Nashik",https://www.careers360.com/university/yashwantrao-chavan-maharashtra-open-university-nashik,Management,Nashik
